year,country,gdp,population,co2,internet,unemployment,lat,lon
2000,Tunisia,47101372295.680305,12000000.0,2.2704459876065926,13.960437542296118,18.767227616899227,34.0,9.0
2000,Tunisia,46754113065.49103,12000000.0,5.111989043177443,37.63152142619066,18.44867175473534,34.0,9.0
2000,Tunisia,48322778545.415855,12000000.0,1.6517596368672631,21.28668936449074,10.35877240147109,34.0,9.0
2000,Tunisia,47945380510.246635,12000000.0,5.194497313354388,19.80064739533408,16.438428188016303,34.0,9.0
2000,Tunisia,49123790278.74331,12000000.0,4.85320448068261,5.2768037883754815,16.546379366662944,34.0,9.0
2000,Tunisia,48377164690.19002,12000000.0,2.9234889033730247,35.20576209470753,6.761060536673402,34.0,9.0
2000,Tunisia,49184733038.214485,12000000.0,5.25578977253433,33.15700587097483,15.463388930589199,34.0,9.0
2000,Tunisia,47623058508.88479,12000000.0,5.047586423317525,21.08546425055254,17.37488853516687,34.0,9.0
2000,Tunisia,47169782560.052795,12000000.0,1.8033736153552957,8.223904524966976,16.104386090803274,34.0,9.0
2000,Tunisia,47562840237.78663,12000000.0,5.518600591765042,38.16587937213818,17.651221649207272,34.0,9.0
2000,Tunisia,46672311329.22547,12000000.0,4.299229219675534,36.83531341361082,12.873538860764363,34.0,9.0
2000,Tunisia,47302114742.71806,12000000.0,5.678460994523673,33.30654684717481,16.301141697919128,34.0,9.0
2001,Tunisia,49071797792.557976,12179999.999999998,3.2028122525041876,33.92110398529868,11.787912618605858,34.0,9.0
2001,Tunisia,49971679126.42664,12179999.999999998,5.566938352055976,39.566076118911944,11.29573895402606,34.0,9.0
2001,Tunisia,48256693492.40005,12179999.999999998,4.500301598864594,32.53015882814865,15.709718600619766,34.0,9.0
2001,Tunisia,50681075909.58578,12179999.999999998,5.416522476030863,19.546309980517613,18.125094423777085,34.0,9.0
2001,Tunisia,50394173265.69823,12179999.999999998,4.105985930992372,40.174901161404804,12.70629123525455,34.0,9.0
2001,Tunisia,48240890950.366234,12179999.999999998,5.217547130970376,21.698890087787337,12.256413682784682,34.0,9.0
2001,Tunisia,50083213313.31268,12179999.999999998,3.9802658891574354,41.729286119868874,10.268746846919782,34.0,9.0
2001,Tunisia,48449401664.00623,12179999.999999998,3.0908919412145948,8.73587790301238,19.469322151875577,34.0,9.0
2001,Tunisia,48455592286.958534,12179999.999999998,2.970690981003314,26.035666900114233,10.15337083958185,34.0,9.0
2001,Tunisia,50155427423.05393,12179999.999999998,4.97214387340519,23.301402994857515,17.486454267929787,34.0,9.0
2001,Tunisia,48281877244.81775,12179999.999999998,5.893128549517719,9.325556424526532,11.39905455956258,34.0,9.0
2001,Tunisia,50222269086.404205,12179999.999999998,3.5647113888275186,21.543164146792222,15.242601034214966,34.0,9.0
2002,Tunisia,52237873587.488655,12360000.0,1.5603071907530544,15.740226044659392,11.046614922002355,34.0,9.0
2002,Tunisia,50911946146.24328,12360000.0,1.57714320096844,18.67885152736138,16.259698453053474,34.0,9.0
2002,Tunisia,52662492739.93964,12360000.0,4.3317230826354916,42.01027812093811,13.91676563562698,34.0,9.0
2002,Tunisia,50993616866.36107,12360000.0,4.0680195589133294,39.5159366497978,13.634964717245602,34.0,9.0
2002,Tunisia,52309410874.38495,12360000.0,5.798713543482126,43.79095096089351,6.826719248810936,34.0,9.0
2002,Tunisia,50632217317.87172,12360000.0,1.6399507640788533,34.35315180619382,18.271183825722744,34.0,9.0
2002,Tunisia,50401156814.23211,12360000.0,2.1162447871299768,22.487625269099713,18.308209502209372,34.0,9.0
2002,Tunisia,52854599818.70596,12360000.0,5.657762750841414,13.862605680814193,19.68126820146371,34.0,9.0
2002,Tunisia,51256447100.43573,12360000.0,1.7054018477740025,13.64420364508565,8.152212032559321,34.0,9.0
2002,Tunisia,51662856069.75644,12360000.0,4.607820760502206,32.75205993138531,16.304603363754055,34.0,9.0
2002,Tunisia,52433391156.48695,12360000.0,1.846297344830724,34.952055321153615,6.880810785860962,34.0,9.0
2002,Tunisia,50727476314.39802,12360000.0,4.727449010162116,42.13418099929559,6.053350540561885,34.0,9.0
2003,Tunisia,54316498872.088844,12540000.0,3.4612425793880597,32.197636010292705,9.222027925165847,34.0,9.0
2003,Tunisia,53512218847.539276,12540000.0,2.9464440527666027,26.788696655918393,9.625545615371244,34.0,9.0
2003,Tunisia,51770205049.794044,12540000.0,3.8932604820893437,39.50286434781477,16.332341499503503,34.0,9.0
2003,Tunisia,52653313624.56473,12540000.0,4.790994390142016,25.58181500334431,11.75411748129955,34.0,9.0
2003,Tunisia,52122495082.181564,12540000.0,3.2039833641007123,19.446614596577568,16.15687028722634,34.0,9.0
2003,Tunisia,53904956831.99708,12540000.0,2.4049435694423553,39.33512440852625,19.52321558881527,34.0,9.0
2003,Tunisia,53864470996.750626,12540000.0,2.510165412441786,17.512409309962752,7.894654611270837,34.0,9.0
2003,Tunisia,53845598889.250725,12540000.0,5.754433270801019,24.466325412446473,7.1638510953189325,34.0,9.0
2003,Tunisia,51934361329.63625,12540000.0,4.898757853428817,31.27480981602192,11.641401583169202,34.0,9.0
2003,Tunisia,52570425827.43035,12540000.0,2.5216227447938384,42.60537132795653,19.472277993737624,34.0,9.0
2003,Tunisia,52293172585.338684,12540000.0,1.8976851415139389,28.240295904211745,8.593116584457878,34.0,9.0
2003,Tunisia,52266452653.02046,12540000.0,3.2583683565897728,18.830613382796756,9.909932727372883,34.0,9.0
2004,Tunisia,53501654305.389404,12720000.0,3.803033950204218,45.826709475726034,6.582050132573578,34.0,9.0
2004,Tunisia,53127176571.122604,12720000.0,3.2839081944964743,15.681572381539276,10.062569054459466,34.0,9.0
2004,Tunisia,54871309901.149536,12720000.0,4.7162248251355425,14.032951966317706,16.80530987399357,34.0,9.0
2004,Tunisia,54886757272.57158,12720000.0,3.5767639719390343,43.65018710690596,11.6758516994541,34.0,9.0
2004,Tunisia,55722083477.54609,12720000.0,5.872078146701136,24.667885838455422,6.375785212402215,34.0,9.0
2004,Tunisia,55713595374.82773,12720000.0,3.5546552106904725,23.814550669988,15.684025499238356,34.0,9.0
2004,Tunisia,54869938325.71123,12720000.0,4.978068586510899,34.28857670256038,10.1182647794205,34.0,9.0
2004,Tunisia,54013696319.70224,12720000.0,2.632467973872526,34.75836823226198,6.029783405542413,34.0,9.0
2004,Tunisia,54889167375.26292,12720000.0,5.928151115241935,46.38012963968244,19.70689736436145,34.0,9.0
2004,Tunisia,55611111852.743416,12720000.0,1.8348675864603363,22.991800263205604,10.68365910425392,34.0,9.0
2004,Tunisia,53915847512.847626,12720000.0,5.468769623042917,16.780807175524725,8.531745232705081,34.0,9.0
2004,Tunisia,53194115956.26571,12720000.0,1.6056810500106977,33.3514461636983,15.644731293516843,34.0,9.0
2005,Tunisia,57751055066.316055,12900000.0,4.404189949826215,29.507347937650117,14.376349613945107,34.0,9.0
2005,Tunisia,56053507436.918655,12900000.0,4.269564389132697,26.38817930258666,14.214950103063336,34.0,9.0
2005,Tunisia,55893880769.45616,12900000.0,3.793273842311138,22.86736487088961,11.323427410944033,34.0,9.0
2005,Tunisia,57576486873.45553,12900000.0,5.918305131865113,24.208475238840357,6.292763458745822,34.0,9.0
2005,Tunisia,57595802991.69436,12900000.0,1.575616702469934,15.966246278345448,19.825218255737845,34.0,9.0
2005,Tunisia,56740547105.63567,12900000.0,5.159371960424487,35.79664546937904,14.97980305386863,34.0,9.0
2005,Tunisia,55092306568.84227,12900000.0,4.692232507201116,28.09295088821791,9.455111969984237,34.0,9.0
2005,Tunisia,57047234032.41192,12900000.0,3.7326173535810985,47.39489440579892,11.261440708885077,34.0,9.0
2005,Tunisia,55690562586.983444,12900000.0,3.845827965518172,49.712179523587444,7.692738360683812,34.0,9.0
2005,Tunisia,55210380418.711296,12900000.0,1.5232143959073818,18.054853177984718,19.736019542692766,34.0,9.0
2005,Tunisia,57973221932.160255,12900000.0,2.706781971699857,48.14735731519415,15.058269422333051,34.0,9.0
2005,Tunisia,54881908271.154434,12900000.0,1.6139020616772592,37.781769245057305,19.11654259748375,34.0,9.0
2006,Tunisia,59250176701.11045,13080000.000000002,3.060711624193342,42.711122164901,11.885613580668895,34.0,9.0
2006,Tunisia,56383641569.653305,13080000.000000002,3.722762177989311,45.450866305079046,17.278921890788236,34.0,9.0
2006,Tunisia,57521533309.84385,13080000.000000002,2.299188931803445,42.36517270222344,7.750017887683247,34.0,9.0
2006,Tunisia,57918643221.43417,13080000.000000002,1.539467922819822,22.570815999954277,17.725129359458624,34.0,9.0
2006,Tunisia,57151195417.04142,13080000.000000002,3.09826159561206,41.640524198065265,15.90980035131957,34.0,9.0
2006,Tunisia,59611093751.61436,13080000.000000002,1.5726189836284044,33.59883611302894,15.01634204687955,34.0,9.0
2006,Tunisia,58792758325.224625,13080000.000000002,1.588157872696656,33.832485230352304,6.523895219773801,34.0,9.0
2006,Tunisia,57732272241.154655,13080000.000000002,2.4392806693171805,22.29334054830622,14.39403455402705,34.0,9.0
2006,Tunisia,58217420760.679214,13080000.000000002,3.4211867175297894,45.02172637663803,10.864610070953692,34.0,9.0
2006,Tunisia,57948896136.18744,13080000.000000002,3.6343141194532333,23.639141133144072,11.26432698225269,34.0,9.0
2006,Tunisia,58056546997.487816,13080000.000000002,5.501442254637086,29.360747443258475,19.32853621867511,34.0,9.0
2006,Tunisia,56715891079.2893,13080000.000000002,1.9536787088875105,33.338987113169125,17.179496621783983,34.0,9.0
2007,Tunisia,60624693974.97673,13260000.0,5.61637487198955,40.09838891458524,9.69691768625465,34.0,9.0
2007,Tunisia,59818772442.85621,13260000.0,5.94727788124199,50.558848120892364,11.311757179656151,34.0,9.0
2007,Tunisia,59662769593.56205,13260000.0,3.617468574475822,53.1801283338913,19.032167571206926,34.0,9.0
2007,Tunisia,60911020182.795975,13260000.0,5.688242918828672,19.29047303768308,14.083056320685742,34.0,9.0
2007,Tunisia,60773519872.2303,13260000.0,2.569985444302609,20.263456393414117,17.496212415901937,34.0,9.0
2007,Tunisia,60111035152.04157,13260000.0,1.6534240682976027,43.59878406305764,15.46555644464812,34.0,9.0
2007,Tunisia,58094650233.739334,13260000.0,3.222458701231845,49.709383155205074,17.516755507480703,34.0,9.0
2007,Tunisia,58367330913.21664,13260000.0,2.0879243424313625,22.41789986046673,19.19896120486728,34.0,9.0
2007,Tunisia,59007616325.74347,13260000.0,2.949943083087307,35.044244489290215,7.099067295898,34.0,9.0
2007,Tunisia,61458832137.28263,13260000.0,4.589091326946255,19.80849018497648,11.7278748692598,34.0,9.0
2007,Tunisia,59351418719.74692,13260000.0,5.415037276921717,50.37332804107636,8.032404263842649,34.0,9.0
2007,Tunisia,58399149958.276825,13260000.0,3.5141184779303902,29.925213581398076,17.3751877277164,34.0,9.0
2008,Tunisia,60221478207.39198,13440000.000000002,2.31721157000238,54.9110902378101,6.538647232944287,34.0,9.0
2008,Tunisia,61357621325.14835,13440000.000000002,4.721289273923232,42.88572262187829,15.375881551361122,34.0,9.0
2008,Tunisia,60478252529.81946,13440000.000000002,4.270488675478061,23.57417118134921,18.345381883470434,34.0,9.0
2008,Tunisia,60607911474.91849,13440000.000000002,4.3205179006040275,26.860440660728077,6.4303251802322645,34.0,9.0
2008,Tunisia,60172459113.36466,13440000.000000002,2.420291604603089,25.47672287302428,16.992963343536275,34.0,9.0
2008,Tunisia,61861243281.24854,13440000.000000002,1.5392444271521801,47.98588726279387,16.113548195812854,34.0,9.0
2008,Tunisia,62633705093.32125,13440000.000000002,2.225379401234629,24.099098034857263,17.776949214316303,34.0,9.0
2008,Tunisia,59709431496.16079,13440000.000000002,2.7376579928468194,36.7412504976979,18.7347796368719,34.0,9.0
2008,Tunisia,60831352361.447975,13440000.000000002,3.7551138038727307,48.60822271533293,19.64381367373185,34.0,9.0
2008,Tunisia,60868216720.263245,13440000.000000002,5.8405177350570465,46.29643287723063,11.871809568153303,34.0,9.0
2008,Tunisia,63077584758.19535,13440000.000000002,5.995579879913204,27.03037675402583,9.512874241899937,34.0,9.0
2008,Tunisia,61031401432.27456,13440000.000000002,3.0861482550669046,50.104860299220974,17.069224495988554,34.0,9.0
2009,Tunisia,62522586873.825,13620000.0,3.111048675178089,52.57503827337605,19.549906993101306,34.0,9.0
2009,Tunisia,64582183430.98618,13620000.0,4.070612417180152,35.84841136851962,8.605863013278615,34.0,9.0
2009,Tunisia,64900108786.66198,13620000.0,2.3488098496036844,26.01959796517542,8.412811963483424,34.0,9.0
2009,Tunisia,64511950672.6543,13620000.0,4.664828438448874,34.80619982263433,16.894518144271515,34.0,9.0
2009,Tunisia,61582898510.513466,13620000.0,2.810405310218592,32.108968868205,6.203577664589,34.0,9.0
2009,Tunisia,62149413144.17179,13620000.0,4.895239243335326,45.27331927263838,12.417554060786903,34.0,9.0
2009,Tunisia,64750747838.47974,13620000.0,4.137366852781111,41.51474362462826,12.577933667289143,34.0,9.0
2009,Tunisia,63005353654.2914,13620000.0,5.528576917024253,25.34308618603854,19.134979150641755,34.0,9.0
2009,Tunisia,62225938371.70839,13620000.0,2.1716636332727166,34.1096020882045,17.08654291602288,34.0,9.0
2009,Tunisia,62118023556.780174,13620000.0,1.7470139471070372,49.95194983860766,9.652656674140673,34.0,9.0
2009,Tunisia,61946111282.796364,13620000.0,1.9293392230700381,57.40036817528796,12.864588817563503,34.0,9.0
2009,Tunisia,61928941465.16455,13620000.0,3.6924864826937642,50.45839869099067,18.97859467630217,34.0,9.0
2010,Tunisia,63195860650.63282,13799999.999999998,5.037601614232589,52.4411573280444,11.696553453806692,34.0,9.0
2010,Tunisia,64742567105.9208,13799999.999999998,1.823554866726197,44.15662858893968,18.408889326944756,34.0,9.0
2010,Tunisia,63095584394.37159,13799999.999999998,3.926018493912864,38.02379007744464,10.429475523276368,34.0,9.0
2010,Tunisia,65191899804.97073,13799999.999999998,3.940760585380684,44.11883662326326,16.229478966609143,34.0,9.0
2010,Tunisia,64838547638.78664,13799999.999999998,5.430588315090507,39.38984457700934,12.758091517520082,34.0,9.0
2010,Tunisia,65646881330.37516,13799999.999999998,4.110193027810959,43.873312243789,14.616716143873905,34.0,9.0
2010,Tunisia,64119817162.962006,13799999.999999998,2.957470607229409,53.74915029640424,9.407485649211097,34.0,9.0
2010,Tunisia,64421860814.97408,13799999.999999998,5.719773589222409,27.940800712135626,11.498244290000187,34.0,9.0
2010,Tunisia,65098001383.35532,13799999.999999998,1.6453649153517342,56.64778947667125,6.497054432406605,34.0,9.0
2010,Tunisia,62935697467.279564,13799999.999999998,4.278786561387203,54.85377950445499,17.844902239150883,34.0,9.0
2010,Tunisia,66028731759.00126,13799999.999999998,4.966691920243992,48.077517724747175,19.588294277277612,34.0,9.0
2010,Tunisia,64850045961.0291,13799999.999999998,5.282591708096351,25.664130465282817,6.7132627865435435,34.0,9.0
2011,Tunisia,66027604046.347244,13980000.0,4.879432770188224,59.66077869585229,18.40586350903216,34.0,9.0
2011,Tunisia,66828168383.622574,13980000.0,4.652408970932945,38.30157320926124,15.835913655781997,34.0,9.0
2011,Tunisia,67525938505.36656,13980000.0,5.658307714323574,27.553096976089314,8.999404481875615,34.0,9.0
2011,Tunisia,65473971476.965485,13980000.0,5.014255557526257,46.645242448321696,16.60329551699962,34.0,9.0
2011,Tunisia,65920148779.983154,13980000.0,2.3621807454773105,54.08432070245041,18.592069130956425,34.0,9.0
2011,Tunisia,65356648913.42482,13980000.0,4.28261621436672,47.764997644415466,10.069857804296554,34.0,9.0
2011,Tunisia,67103758053.76954,13980000.0,1.8817743451376983,53.780497756542175,13.344763767323684,34.0,9.0
2011,Tunisia,66504831540.366875,13980000.0,2.153415140641041,53.495692564978484,16.53251887054732,34.0,9.0
2011,Tunisia,64596319093.60193,13980000.0,4.6579066094192125,58.6719395723098,18.824528829761498,34.0,9.0
2011,Tunisia,65110005287.039894,13980000.0,4.261041728352723,39.84956667284678,19.394631016022668,34.0,9.0
2011,Tunisia,68459960104.07866,13980000.0,4.094681842775296,50.19481471655142,13.107522828755044,34.0,9.0
2011,Tunisia,65527912452.33028,13980000.0,5.85831736921138,46.75793793875346,13.16643406784298,34.0,9.0
2012,Tunisia,69194047504.13277,14160000.0,2.08293980053818,35.848959203974665,9.720208588400943,34.0,9.0
2012,Tunisia,68205858790.81548,14160000.0,1.8355454769809232,40.651953118001735,10.658801692087216,34.0,9.0
2012,Tunisia,68770549661.17163,14160000.0,5.1919130301076795,44.36563131299383,13.402971517049686,34.0,9.0
2012,Tunisia,67599332071.12074,14160000.0,3.9818873513413617,53.95927651549335,7.271538941905007,34.0,9.0
2012,Tunisia,69657617028.08318,14160000.0,1.867198535692952,44.14708974608814,12.008597701925712,34.0,9.0
2012,Tunisia,66353827976.5824,14160000.0,2.0938747484970093,41.87844563224651,13.93310142424594,34.0,9.0
2012,Tunisia,67860815724.147446,14160000.0,4.908579540078428,61.422759386868876,16.42922722813915,34.0,9.0
2012,Tunisia,67664118819.839455,14160000.0,5.6419612857771995,50.639315511575084,10.355536003383953,34.0,9.0
2012,Tunisia,69857178423.37987,14160000.0,3.8133266684754257,61.29669654007084,19.34861544410264,34.0,9.0
2012,Tunisia,68879413848.09648,14160000.0,5.901128544561492,60.4251891224475,17.106729535396937,34.0,9.0
2012,Tunisia,66372831816.12616,14160000.0,5.724132653796368,33.66990228896337,7.504614581861444,34.0,9.0
2012,Tunisia,69596629019.30911,14160000.0,5.454373291219144,62.42535384427183,10.553600702818894,34.0,9.0
2013,Tunisia,70603003688.02637,14340000.0,1.5025869535923893,53.34155639495872,11.445232380615845,34.0,9.0
2013,Tunisia,68063143288.87182,14340000.0,1.8276094067333646,57.19071786735878,6.754071243939832,34.0,9.0
2013,Tunisia,70306742599.02599,14340000.0,3.6016929522177485,54.96029845168306,18.19680176842684,34.0,9.0
2013,Tunisia,70176830903.5899,14340000.0,1.9355602216569006,46.10342052990085,8.134754901772183,34.0,9.0
2013,Tunisia,70253755198.49362,14340000.0,2.1131781893918364,35.11544200570574,13.085258820013877,34.0,9.0
2013,Tunisia,68764859942.7388,14340000.0,4.560832871065841,60.77987644648859,19.378589509263875,34.0,9.0
2013,Tunisia,71284072495.94667,14340000.0,1.6031491703116498,51.726314468552815,14.595927789587643,34.0,9.0
2013,Tunisia,70856858814.74721,14340000.0,1.6653177173878027,63.923835100546036,10.811675251184315,34.0,9.0
2013,Tunisia,69856720839.41902,14340000.0,5.284600372911674,47.36334273386894,12.829534500914459,34.0,9.0
2013,Tunisia,70667085323.03569,14340000.0,2.821389450558815,58.92093689601555,15.186731056637408,34.0,9.0
2013,Tunisia,67972527019.775055,14340000.0,2.8077026602754933,41.64362474722933,6.550342878119676,34.0,9.0
2013,Tunisia,70536503246.11182,14340000.0,5.737742100476587,35.30783265682899,6.15846616015173,34.0,9.0
2014,Tunisia,69513548735.93135,14520000.0,4.00361398968143,54.9290739798324,14.910291230301125,34.0,9.0
2014,Tunisia,69564746034.86931,14520000.0,1.5196230907824195,41.85970303453392,11.280954916847467,34.0,9.0
2014,Tunisia,70577089039.96,14520000.0,3.089305855623905,58.321478080746644,15.480860582234353,34.0,9.0
2014,Tunisia,71069525730.87505,14520000.0,3.149657753482443,45.31157750565887,17.823896436579716,34.0,9.0
2014,Tunisia,73583210837.8668,14520000.0,5.7683989210081785,54.0046906449527,14.73896718467934,34.0,9.0
2014,Tunisia,73147617035.82404,14520000.0,2.0866221113141896,41.70599616658341,14.969091041979846,34.0,9.0
2014,Tunisia,70701690769.20912,14520000.0,4.796811145086889,51.8303753791441,15.574204339312708,34.0,9.0
2014,Tunisia,73601072546.23764,14520000.0,3.487413078854374,37.4510769664423,8.955528114560368,34.0,9.0
2014,Tunisia,71963408637.308,14520000.0,4.886602435910656,54.66234548050492,19.912993928774036,34.0,9.0
2014,Tunisia,69474360113.68684,14520000.0,4.734667467173237,58.31030447672174,15.90151618963888,34.0,9.0
2014,Tunisia,72137627523.336,14520000.0,2.2271502327603816,67.70025185170937,8.556562174695006,34.0,9.0
2014,Tunisia,71435924269.85808,14520000.0,2.6412689741191038,61.87132850610132,17.46998433327401,34.0,9.0
2015,Tunisia,73905346114.10146,14700000.000000002,2.84095975292849,49.851451665216096,9.896838489159572,34.0,9.0
2015,Tunisia,75112494491.72816,14700000.000000002,3.241614455823906,39.5274743427446,14.476912348173212,34.0,9.0
2015,Tunisia,75332839356.4672,14700000.000000002,3.9520546198630635,47.26734777747737,18.775385426471495,34.0,9.0
2015,Tunisia,75120562617.68076,14700000.000000002,4.993804032701611,62.21976204981425,13.458965183689575,34.0,9.0
2015,Tunisia,72558934307.76393,14700000.000000002,2.5900779994337455,54.830915644953166,12.994487877053643,34.0,9.0
2015,Tunisia,75149238162.20248,14700000.000000002,1.5164387539786293,66.61321316067782,8.989744882539947,34.0,9.0
2015,Tunisia,73223097040.8116,14700000.000000002,2.147438575966318,67.87777672770048,6.857598392010176,34.0,9.0
2015,Tunisia,72662367030.64468,14700000.000000002,5.752115541423602,37.715662717700845,14.295779876865732,34.0,9.0
2015,Tunisia,73463067286.32324,14700000.000000002,5.523941299796249,39.236441467226584,9.56137735627756,34.0,9.0
2015,Tunisia,74359180093.5102,14700000.000000002,1.5748432450317336,68.45089831112921,19.638515675550615,34.0,9.0
2015,Tunisia,73589407042.6996,14700000.000000002,3.6695727911915474,60.46428826731041,18.48248314328675,34.0,9.0
2015,Tunisia,74565491841.00432,14700000.000000002,3.008879839710312,48.13689568135007,17.825711414873943,34.0,9.0
2016,Tunisia,75574810542.96648,14880000.0,1.6906156816884605,69.50661814042192,10.853964437312115,34.0,9.0
2016,Tunisia,73113499512.3781,14880000.0,4.07131962511648,68.52099654704948,19.148498972775975,34.0,9.0
2016,Tunisia,76581854948.55206,14880000.0,2.276881630649808,37.24434684444237,7.805389974328949,34.0,9.0
2016,Tunisia,73753994950.06053,14880000.0,1.5648372949111211,53.99525084336855,11.59401731664339,34.0,9.0
2016,Tunisia,73698374644.65862,14880000.0,2.0540609223542687,67.7452033124768,13.161645021235467,34.0,9.0
2016,Tunisia,77086913609.66756,14880000.0,4.788707789291244,38.3969619152371,12.186534275663547,34.0,9.0
2016,Tunisia,73441982621.57678,14880000.0,5.15842898279192,49.93866829276661,8.358081057997353,34.0,9.0
2016,Tunisia,75437207424.8532,14880000.0,3.891780613624858,60.57481924582903,9.540953633615871,34.0,9.0
2016,Tunisia,74890963677.27698,14880000.0,4.937021289317311,61.657206910299394,15.64366308244292,34.0,9.0
2016,Tunisia,74211948495.9839,14880000.0,1.548429075251137,53.90446042602429,15.34006518436853,34.0,9.0
2016,Tunisia,73017048753.71515,14880000.0,4.596480440192647,41.03169341884692,15.10906738831329,34.0,9.0
2016,Tunisia,75351703408.47456,14880000.0,2.727662948932964,65.68618956716708,13.137255288943003,34.0,9.0
2017,Tunisia,77529261992.92719,15059999.999999998,2.8497826412661946,54.89537759380314,15.968716008919149,34.0,9.0
2017,Tunisia,75676865744.86395,15059999.999999998,2.0607159413040073,41.98139442932776,10.297156993304197,34.0,9.0
2017,Tunisia,76877445442.01463,15059999.999999998,4.945549619856328,68.04004841452678,14.630074060332461,34.0,9.0
2017,Tunisia,75048565277.97794,15059999.999999998,3.7701287543478816,54.30370308608853,18.317180715909615,34.0,9.0
2017,Tunisia,75100988818.70982,15059999.999999998,1.6113039676331282,66.03178616194447,12.717424197907757,34.0,9.0
2017,Tunisia,77898584333.9804,15059999.999999998,4.682367635453862,68.49738323032729,14.870241156117544,34.0,9.0
2017,Tunisia,75268922239.62424,15059999.999999998,4.238629334171151,69.64407297061504,7.654261766727094,34.0,9.0
2017,Tunisia,75127285788.68518,15059999.999999998,3.7313829750222705,71.32283711925658,14.11247204454547,34.0,9.0
2017,Tunisia,77271064704.32571,15059999.999999998,2.0698203864419535,61.42058498389918,7.06777050325492,34.0,9.0
2017,Tunisia,76256975727.9111,15059999.999999998,2.9335361517534584,67.99928848557443,9.254683171008901,34.0,9.0
2017,Tunisia,77439075684.50186,15059999.999999998,5.5197888662477546,58.30757371626188,8.13024272552192,34.0,9.0
2017,Tunisia,76136379379.25687,15059999.999999998,2.55552896374723,63.33670542140228,9.71519775824191,34.0,9.0
2018,Tunisia,76201046909.4261,15240000.0,5.179554925107232,69.14484600250597,15.962973218459478,34.0,9.0
2018,Tunisia,79127993920.89516,15240000.0,2.2814095123571736,51.62292680997056,6.730242421222506,34.0,9.0
2018,Tunisia,80091946686.13162,15240000.0,5.967371700939127,58.85073112633678,14.224853459612962,34.0,9.0
2018,Tunisia,79759958743.01407,15240000.0,1.6339689520557465,62.231201646195146,16.17662077831804,34.0,9.0
2018,Tunisia,77492445406.49043,15240000.0,2.655337196367452,52.74607080179449,19.535876402144783,34.0,9.0
2018,Tunisia,76460780298.9962,15240000.0,1.5032289290846352,51.962814405974925,7.394252029920859,34.0,9.0
2018,Tunisia,79699715407.15526,15240000.0,5.417305121539624,47.58355916315853,10.892709728786787,34.0,9.0
2018,Tunisia,79699982439.81107,15240000.0,3.536811209394002,62.64186461473193,15.173496864859226,34.0,9.0
2018,Tunisia,79844382299.41518,15240000.0,2.8898529940979345,75.00390237575175,12.35898442464637,34.0,9.0
2018,Tunisia,79283398996.86797,15240000.0,4.874389024417632,45.40196791731725,12.092535003024913,34.0,9.0
2018,Tunisia,76480873208.32213,15240000.0,3.3233158766969373,47.6676938503073,8.333158057771229,34.0,9.0
2018,Tunisia,78262237553.29471,15240000.0,3.0956610665881046,58.21573192064944,16.300389843165302,34.0,9.0
2019,Tunisia,80902014179.59329,15419999.999999998,2.0893340969328813,60.70416495126871,10.657774828790608,34.0,9.0
2019,Tunisia,80624862326.59515,15419999.999999998,1.6023113260324442,72.84544541034275,11.231089277434418,34.0,9.0
2019,Tunisia,81433129271.73633,15419999.999999998,5.284527005846819,47.780706764400335,14.612823784862897,34.0,9.0
2019,Tunisia,79109306649.58269,15419999.999999998,1.5874055372773281,77.84390354267006,9.735430674107656,34.0,9.0
2019,Tunisia,81062287198.27061,15419999.999999998,5.695473944891833,73.03329606132817,13.976438022047041,34.0,9.0
2019,Tunisia,77855184022.46875,15419999.999999998,2.075444955518191,55.656176226035875,8.01171410346015,34.0,9.0
2019,Tunisia,78854536893.84415,15419999.999999998,5.867785902111768,77.5820877437676,14.551164774177918,34.0,9.0
2019,Tunisia,81846597887.05185,15419999.999999998,4.07381322973053,47.32335732905479,11.755638452780623,34.0,9.0
2019,Tunisia,81870930644.91066,15419999.999999998,3.2625077095905466,55.62004163412506,6.238950739820077,34.0,9.0
2019,Tunisia,78664530546.44257,15419999.999999998,4.994109731374229,50.70764106965312,8.257468277622797,34.0,9.0
2019,Tunisia,79366038860.41911,15419999.999999998,2.1940191009127297,44.785962690100625,17.45182011263175,34.0,9.0
2019,Tunisia,81603426727.64397,15419999.999999998,2.2698398386118743,54.82839377245792,11.189733430044043,34.0,9.0
2020,Tunisia,79388920277.90097,15600000.0,5.611218413292812,54.37468641700157,7.5866764060446945,34.0,9.0
2020,Tunisia,83590632550.15503,15600000.0,1.804977688111011,67.28690104601857,12.650239892831088,34.0,9.0
2020,Tunisia,80093744902.01233,15600000.0,1.8767613776484071,58.41333310481996,14.12645659135177,34.0,9.0
2020,Tunisia,79467647121.56122,15600000.0,2.777519366333154,48.53983311275865,19.531425996339863,34.0,9.0
2020,Tunisia,80133436923.99281,15600000.0,3.460750877065286,50.74488393925489,10.464415595942173,34.0,9.0
2020,Tunisia,83095633506.80695,15600000.0,2.7731647103114767,45.975310550061764,12.362566844581016,34.0,9.0
2020,Tunisia,79312838810.45712,15600000.0,2.2163909278540643,79.86941948728631,12.560659099268623,34.0,9.0
2020,Tunisia,79484686799.7361,15600000.0,2.6125622270569275,48.985605460757384,7.915738079543964,34.0,9.0
2020,Tunisia,82841930892.10225,15600000.0,3.038894886376304,75.41430205102462,11.339188624082212,34.0,9.0
2020,Tunisia,83461736135.30351,15600000.0,2.5688938342604763,56.13258088939755,8.619160145135684,34.0,9.0
2020,Tunisia,81978387894.07454,15600000.0,5.3587202403809115,62.71970200711603,15.021236205728847,34.0,9.0
2020,Tunisia,83394122643.2141,15600000.0,2.33852653036801,59.80924578564259,8.772348853954119,34.0,9.0
2021,Tunisia,82829941198.28716,15780000.0,5.50122492160088,55.974830002140266,9.017767187936183,34.0,9.0
2021,Tunisia,82971140214.43152,15780000.0,4.654866692602591,80.59997411109981,14.708952016516161,34.0,9.0
2021,Tunisia,84525713581.07864,15780000.0,1.9957488659996967,75.31891138400852,15.230699573051517,34.0,9.0
2021,Tunisia,84217151543.66518,15780000.0,3.3908383242574986,71.73594315510508,14.214844786802779,34.0,9.0
2021,Tunisia,81582709502.30927,15780000.0,2.076678384341732,77.35499657432109,11.04752233130948,34.0,9.0
2021,Tunisia,85131646721.40334,15780000.0,4.297952137408206,68.22125420633857,11.83158333990073,34.0,9.0
2021,Tunisia,85771459412.7638,15780000.0,3.1591442790554547,49.35529985954679,18.778710324999672,34.0,9.0
2021,Tunisia,81204570406.97638,15780000.0,4.096683309533606,62.57363919676023,12.084140676015346,34.0,9.0
2021,Tunisia,84954955323.16289,15780000.0,5.606701178871362,50.95005379263296,13.925345370382566,34.0,9.0
2021,Tunisia,81919820805.70018,15780000.0,1.8396595572433052,65.3510239542844,11.876990351334392,34.0,9.0
2021,Tunisia,80949011614.98405,15780000.0,4.453475361611032,73.56387648187162,9.69884393236931,34.0,9.0
2021,Tunisia,85097533963.89636,15780000.0,4.0564750157315554,75.27459855832893,17.370852479384695,34.0,9.0
2022,Tunisia,86607842069.0111,15960000.0,4.299578459875297,77.61385784321872,15.822245471674261,34.0,9.0
2022,Tunisia,85913391130.56744,15960000.0,3.67766186455761,77.63554258302716,9.82068636628201,34.0,9.0
2022,Tunisia,84843722920.13211,15960000.0,3.295556837036104,82.16069813320738,13.920473676059375,34.0,9.0
2022,Tunisia,86897500799.81538,15960000.0,5.196443125321701,70.48103935632243,13.151354380065628,34.0,9.0
2022,Tunisia,83652001903.11371,15960000.0,2.9893006892245566,61.60009440499145,6.947667855741896,34.0,9.0
2022,Tunisia,83349048383.58127,15960000.0,5.281523646707516,74.34813298725227,12.150333193755376,34.0,9.0
2022,Tunisia,83437702704.05666,15960000.0,4.855373839980853,79.17829559684685,8.255419257495868,34.0,9.0
2022,Tunisia,85016541880.0943,15960000.0,1.7147969965042578,61.17787313958963,13.92223215839557,34.0,9.0
2022,Tunisia,86713916200.16475,15960000.0,4.190635904594711,78.41888664433066,18.18922017036862,34.0,9.0
2022,Tunisia,83814040510.79031,15960000.0,4.3458555401049255,62.035602880135116,10.652332364319374,34.0,9.0
2022,Tunisia,84869568133.46613,15960000.0,3.257622827887392,76.03326771354696,16.735102598041742,34.0,9.0
2022,Tunisia,86741668942.32993,15960000.0,3.3985174678297048,57.633032213826546,16.04950116701208,34.0,9.0
2023,Tunisia,84451010434.91788,16140000.0,1.5084733460502613,79.28696601091258,6.496131874748245,34.0,9.0
2023,Tunisia,84203075117.7222,16140000.0,3.186674867048134,73.77299386193691,16.0578486013978,34.0,9.0
2023,Tunisia,84840576997.09871,16140000.0,5.313528460192942,71.27670138805263,14.537655616543486,34.0,9.0
2023,Tunisia,86004063405.01326,16140000.0,2.122641699319096,80.84668064635028,14.846376849407498,34.0,9.0
2023,Tunisia,88678011534.84561,16140000.0,4.157037610755148,53.756375683484364,11.741014678985529,34.0,9.0
2023,Tunisia,85601175893.33966,16140000.0,4.586850221669437,83.8520189464,16.97465539071574,34.0,9.0
2023,Tunisia,84992347089.88214,16140000.0,5.121361504313768,52.554462174088926,19.26245380952489,34.0,9.0
2023,Tunisia,89004384481.755,16140000.0,1.6060941520064917,80.7288072224921,11.072823069722494,34.0,9.0
2023,Tunisia,87677845913.89403,16140000.0,5.554349993798444,56.581065173526376,10.42563373252694,34.0,9.0
2023,Tunisia,85539815270.87196,16140000.0,5.404842910941433,54.34926711500564,11.71441175715105,34.0,9.0
2023,Tunisia,84745990814.92151,16140000.0,5.534292478495431,53.00863678058113,11.707403181119204,34.0,9.0
2023,Tunisia,85034253689.6955,16140000.0,5.485477061843663,62.471580367718474,11.414117001303598,34.0,9.0
